{
  "OH": {
    "E_gas": -8.950782775878906,
    "E_slab": -578.9426879882812,
    "E_total_best": -588.8589477539062,
    "best_offset": "ofst_3.0_3.0",
    "E_ads_best": -0.9654541015625,
    "offsets": {
      "ofst_3.0_3.0": {
        "E_total": -588.8589477539062,
        "elapsed": 9.665471315383911
      },
      "ofst_3.5_3.0": {
        "E_total": -588.8341674804688,
        "elapsed": 8.54508662223816
      },
      "ofst_3.5_3.5": {
        "E_total": -588.81640625,
        "elapsed": 8.367300510406494
      }
    }
  },
  "HO2": {
    "E_gas": -13.174880981445312,
    "E_slab": -578.9426879882812,
    "E_total_best": -593.314453125,
    "best_offset": "ofst_1.0_1.0",
    "E_ads_best": -1.1968994140625,
    "offsets": {
      "ofst_1.0_1.0": {
        "E_total": -593.314453125,
        "elapsed": 25.588175535202026
      },
      "ofst_1.5_1.0": {
        "E_total": -592.9853515625,
        "elapsed": 9.613702774047852
      },
      "ofst_1.5_1.5": {
        "E_total": -593.0447387695312,
        "elapsed": 13.888966083526611
      }
    }
  },
  "O2": {
    "E_gas": -9.80252456665039,
    "E_slab": -578.9426879882812,
    "E_total_best": -588.8182373046875,
    "best_offset": "ofst_0.5_0.0",
    "E_ads_best": -0.072998046875,
    "offsets": {
      "ofst_0.0_0.0": {
        "E_total": -588.4268798828125,
        "elapsed": 4.247006893157959
      },
      "ofst_0.5_0.0": {
        "E_total": -588.8182373046875,
        "elapsed": 21.272818565368652
      },
      "ofst_0.5_0.5": {
        "E_total": -588.5422973632812,
        "elapsed": 7.919390678405762
      }
    }
  },
  "O": {
    "E_gas": -3.195948600769043,
    "E_slab": -578.9426879882812,
    "E_total_best": -584.82568359375,
    "best_offset": "ofst_2.5_2.0",
    "E_ads_best": -2.68707275390625,
    "offsets": {
      "ofst_2.0_2.0": {
        "E_total": -583.7552490234375,
        "elapsed": 3.4979636669158936
      },
      "ofst_2.5_2.0": {
        "E_total": -584.82568359375,
        "elapsed": 8.26426649093628
      },
      "ofst_2.5_2.5": {
        "E_total": -584.346435546875,
        "elapsed": 4.4594385623931885
      }
    }
  },
  "H2O": {
    "E_gas": -14.132852554321289
  },
  "H2": {
    "E_gas": -6.692961692810059
  }
}