{"E_total": -588.81640625, "elapsed": 8.367300510406494}