{"E_total": -588.8589477539062, "elapsed": 9.665471315383911}