{"E_total": -588.8341674804688, "elapsed": 8.54508662223816}