{
  "Pt": {
    "n_atoms": 64,
    "energy": -385.6313412792408
  },
  "Ni": {
    "n_atoms": 64,
    "energy": -344.19493327238274
  }
}