{
  "OH": {
    "E_gas": -8.950782775878906,
    "E_slab": -564.0159912109375,
    "E_total_best": -574.4832153320312,
    "best_offset": "ofst_3.5_3.0",
    "E_ads_best": -1.51641845703125,
    "offsets": {
      "ofst_3.0_3.0": {
        "E_total": -573.9176025390625,
        "elapsed": 4.871935606002808
      },
      "ofst_3.5_3.0": {
        "E_total": -574.4832153320312,
        "elapsed": 10.306795358657837
      },
      "ofst_3.5_3.5": {
        "E_total": -573.84814453125,
        "elapsed": 14.701233148574829
      }
    }
  },
  "HO2": {
    "E_gas": -13.174880981445312,
    "E_slab": -564.0159912109375,
    "E_total_best": -578.41748046875,
    "best_offset": "ofst_1.5_1.5",
    "E_ads_best": -1.22662353515625,
    "offsets": {
      "ofst_1.0_1.0": {
        "E_total": -578.1064453125,
        "elapsed": 3.8732573986053467
      },
      "ofst_1.5_1.0": {
        "E_total": -578.3751831054688,
        "elapsed": 6.2223615646362305
      },
      "ofst_1.5_1.5": {
        "E_total": -578.41748046875,
        "elapsed": 11.547151327133179
      }
    }
  },
  "O2": {
    "E_gas": -9.80252456665039,
    "E_slab": -564.0159912109375,
    "E_total_best": -574.0628662109375,
    "best_offset": "ofst_0.5_0.0",
    "E_ads_best": -0.24432373046875,
    "offsets": {
      "ofst_0.0_0.0": {
        "E_total": -573.6203002929688,
        "elapsed": 3.805821418762207
      },
      "ofst_0.5_0.0": {
        "E_total": -574.0628662109375,
        "elapsed": 3.4985179901123047
      },
      "ofst_0.5_0.5": {
        "E_total": -573.6400756835938,
        "elapsed": 8.747399806976318
      }
    }
  },
  "O": {
    "E_gas": -3.195948600769043,
    "E_slab": -564.0159912109375,
    "E_total_best": -570.0951538085938,
    "best_offset": "ofst_2.5_2.0",
    "E_ads_best": -2.88323974609375,
    "offsets": {
      "ofst_2.0_2.0": {
        "E_total": -569.0402221679688,
        "elapsed": 3.7803211212158203
      },
      "ofst_2.5_2.0": {
        "E_total": -570.0951538085938,
        "elapsed": 4.031602621078491
      },
      "ofst_2.5_2.5": {
        "E_total": -569.6635131835938,
        "elapsed": 3.8614697456359863
      }
    }
  },
  "H2O": {
    "E_gas": -14.132852554321289
  },
  "H2": {
    "E_gas": -6.692961692810059
  }
}