{
  "OH": {
    "E_gas": -8.950782775878906,
    "E_slab": -304.5118103027344,
    "E_total_best": -314.31341552734375,
    "best_offset": "ofst_3.5_3.0",
    "E_ads_best": -0.850830078125,
    "offsets": {
      "ofst_3.0_3.0": {
        "E_total": -314.23883056640625,
        "elapsed": 3.995340585708618
      },
      "ofst_3.5_3.0": {
        "E_total": -314.31341552734375,
        "elapsed": 2.116745948791504
      },
      "ofst_3.5_3.5": {
        "E_total": -314.24298095703125,
        "elapsed": 1.84285306930542
      }
    }
  },
  "HO2": {
    "E_gas": -13.174880981445312,
    "E_slab": -304.5118103027344,
    "E_total_best": -318.3955078125,
    "best_offset": "ofst_1.0_1.0",
    "E_ads_best": -0.70880126953125,
    "offsets": {
      "ofst_1.0_1.0": {
        "E_total": -318.3955078125,
        "elapsed": 6.615010499954224
      },
      "ofst_1.5_1.0": {
        "E_total": -318.3609313964844,
        "elapsed": 2.375767946243286
      },
      "ofst_1.5_1.5": {
        "E_total": -318.35980224609375,
        "elapsed": 2.0942142009735107
      }
    }
  },
  "O2": {
    "E_gas": -9.80252456665039,
    "E_slab": -304.5118103027344,
    "E_total_best": -314.2293701171875,
    "best_offset": "ofst_0.0_0.0",
    "E_ads_best": 0.0849609375,
    "offsets": {
      "ofst_0.0_0.0": {
        "E_total": -314.2293701171875,
        "elapsed": 3.428086042404175
      },
      "ofst_0.5_0.0": {
        "E_total": -314.2096252441406,
        "elapsed": 2.6870789527893066
      },
      "ofst_0.5_0.5": {
        "E_total": -314.2091064453125,
        "elapsed": 0.7194607257843018
      }
    }
  },
  "O": {
    "E_gas": -3.195948600769043,
    "E_slab": -304.5118103027344,
    "E_total_best": -309.4248046875,
    "best_offset": "ofst_2.5_2.0",
    "E_ads_best": -1.717041015625,
    "offsets": {
      "ofst_2.0_2.0": {
        "E_total": -309.4007568359375,
        "elapsed": 1.790376901626587
      },
      "ofst_2.5_2.0": {
        "E_total": -309.4248046875,
        "elapsed": 2.27186918258667
      },
      "ofst_2.5_2.5": {
        "E_total": -309.42437744140625,
        "elapsed": 1.60170578956604
      }
    }
  },
  "H2O": {
    "E_gas": -14.132852554321289
  },
  "H2": {
    "E_gas": -6.692961692810059
  }
}