{"E_total": -569.6635131835938, "elapsed": 3.8614697456359863}