{"E_total": -570.0951538085938, "elapsed": 4.031602621078491}