{"E_total": -569.0402221679688, "elapsed": 3.7803211212158203}