{"E_total": -314.23883056640625, "elapsed": 3.995340585708618}