{"E_total": -314.24298095703125, "elapsed": 1.84285306930542}