{"E_total": -314.31341552734375, "elapsed": 2.116745948791504}