{"E_total": -318.35980224609375, "elapsed": 2.0942142009735107}