{"E_total": -318.3955078125, "elapsed": 6.615010499954224}