{"E_total": -318.3609313964844, "elapsed": 2.375767946243286}