{"E_total": -309.42437744140625, "elapsed": 1.60170578956604}