{"E_total": -309.4248046875, "elapsed": 2.27186918258667}