{"E_total": -309.4007568359375, "elapsed": 1.790376901626587}