{"E_total": -573.6400756835938, "elapsed": 8.747399806976318}