{"E_total": -573.6203002929688, "elapsed": 3.805821418762207}