{"E_total": -574.0628662109375, "elapsed": 3.4985179901123047}