{"E_total": -588.4268798828125, "elapsed": 4.247006893157959}