{"E_total": -588.8182373046875, "elapsed": 21.272818565368652}