{"E_total": -588.5422973632812, "elapsed": 7.919390678405762}