{"E_total": -578.3751831054688, "elapsed": 6.2223615646362305}