{"E_total": -578.1064453125, "elapsed": 3.8732573986053467}