{"E_total": -578.41748046875, "elapsed": 11.547151327133179}