{"E_total": -592.9853515625, "elapsed": 9.613702774047852}