{"E_total": -593.0447387695312, "elapsed": 13.888966083526611}