{"E_total": -593.314453125, "elapsed": 25.588175535202026}