{"E_total": -584.82568359375, "elapsed": 8.26426649093628}