{"E_total": -584.346435546875, "elapsed": 4.4594385623931885}