{"E_total": -583.7552490234375, "elapsed": 3.4979636669158936}