{"E_total": -573.84814453125, "elapsed": 14.701233148574829}