{"E_total": -573.9176025390625, "elapsed": 4.871935606002808}