{"E_total": -574.4832153320312, "elapsed": 10.306795358657837}