{"E_total": -314.2293701171875, "elapsed": 3.428086042404175}