{"E_total": -314.2091064453125, "elapsed": 0.7194607257843018}