{"E_total": -314.2096252441406, "elapsed": 2.6870789527893066}